<?xml version="1.0" encoding="UTF-8"?>
<ar:ApplicationResponse xmlns:ar="urn:oasis:names:specification:ubl:schema:xsd:ApplicationResponse-2" xmlns:ext="urn:oasis:names:specification:ubl:schema:xsd:CommonExtensionComponents-2" xmlns:cbc="urn:oasis:names:specification:ubl:schema:xsd:CommonBasicComponents-2" xmlns:cac="urn:oasis:names:specification:ubl:schema:xsd:CommonAggregateComponents-2" xmlns:ds="http://www.w3.org/2000/09/xmldsig#" xmlns:soap="http://schemas.xmlsoap.org/soap/envelope/"><ext:UBLExtensions><ext:UBLExtension><ext:ExtensionContent><Signature xmlns="http://www.w3.org/2000/09/xmldsig#">
<SignedInfo>
  <CanonicalizationMethod Algorithm="http://www.w3.org/2001/10/xml-exc-c14n#WithComments"/>
  <SignatureMethod Algorithm="http://www.w3.org/2001/04/xmldsig-more#rsa-sha512"/>
  <Reference URI="">
    <Transforms>
      <Transform Algorithm="http://www.w3.org/2000/09/xmldsig#enveloped-signature"/>
      <Transform Algorithm="http://www.w3.org/2001/10/xml-exc-c14n#WithComments"/>
    </Transforms>
    <DigestMethod Algorithm="http://www.w3.org/2001/04/xmlenc#sha512"/>
    <DigestValue>r1qnP0sOvrpkwGq0FZC07wT1AJOWI1q4BYIPC1E9WdxflufIEzHB2v8NZ04WRRB2qbGRYxIVTeC4KvMIn9kTVw==</DigestValue>
  </Reference>
</SignedInfo>
    <SignatureValue>*Private key 'BetaPublicCert' not up*</SignatureValue><KeyInfo><X509Data><X509Certificate>*Named certificate 'BetaPrivateKey' not up*</X509Certificate><X509IssuerSerial><X509IssuerName>*Named certificate 'BetaPrivateKey' not up*</X509IssuerName><X509SerialNumber>*Named certificate 'BetaPrivateKey' not up*</X509SerialNumber></X509IssuerSerial></X509Data></KeyInfo></Signature></ext:ExtensionContent></ext:UBLExtension></ext:UBLExtensions><cbc:ID>1610428470697</cbc:ID><cbc:IssueDate>2021-01-12T00:14:25</cbc:IssueDate><cbc:IssueTime>00:00:00</cbc:IssueTime><cbc:ResponseDate>2021-01-11</cbc:ResponseDate><cbc:ResponseTime>23:14:30</cbc:ResponseTime><cac:Signature><cbc:ID>SignSUNAT</cbc:ID><cac:SignatoryParty><cac:PartyIdentification><cbc:ID>20131312955</cbc:ID></cac:PartyIdentification><cac:PartyName><cbc:Name>SUNAT</cbc:Name></cac:PartyName></cac:SignatoryParty><cac:DigitalSignatureAttachment><cac:ExternalReference><cbc:URI>#SignSUNAT</cbc:URI></cac:ExternalReference></cac:DigitalSignatureAttachment></cac:Signature><cbc:Note>4252 - El dato ingresado como atributo @listName es incorrecto. - INFO: 4252 (nodo: "cbc:InvoiceTypeCode/listName" valor: "SUNAT:Identificador de Tipo de Documento")</cbc:Note><cbc:Note>4294 - La base imponible a nivel de l&#237;nea difiere de la informaci&#243;n consignada en el comprobante - Error en la linea: 1: 4294 (nodo: "cac:TaxSubtotal/cbc:TaxableAmount" valor: "25.42")</cbc:Note><cbc:Note>4287 - El precio unitario de la operaci&#243;n que est&#225; informando difiere de los c&#225;lculos realizados en base a la informaci&#243;n remitida - Error en la linea: 1: 4287 (nodo: "cac:AlternativeConditionPrice/cbc:PriceAmount" valor: "10.000")</cbc:Note><cbc:Note>4288 - El valor de venta por &#237;tem difiere de los importes consignados. - Error en la linea: 1: 4288 (nodo: "cac:InvoiceLine/cbc:LineExtensionAmount" valor: "30.00")</cbc:Note><cbc:Note>4299 - La sumatoria del total valor de venta - operaciones gravadas de l&#237;nea no corresponden al total - INFO : 4299 (nodo: "cac:TaxSubtotal/cbc:TaxableAmount" valor: "25.42")</cbc:Note><cbc:Note>4309 - La sumatoria de valor de venta no corresponde a los importes consignados - INFO : 4309 (nodo: "cac:LegalMonetaryTotal/cbc:LineExtensionAmount" valor: "25.42")</cbc:Note><cbc:Note>4317 - Debe consignar el Total Precio de Venta - INFO: 4317 (nodo: "/" valor: "")</cbc:Note><cac:SenderParty><cac:PartyIdentification><cbc:ID>20131312955</cbc:ID></cac:PartyIdentification></cac:SenderParty><cac:ReceiverParty><cac:PartyIdentification><cbc:ID>10096164144</cbc:ID></cac:PartyIdentification></cac:ReceiverParty><cac:DocumentResponse><cac:Response><cbc:ReferenceID>0001-00000041</cbc:ReferenceID><cbc:ResponseCode>0</cbc:ResponseCode><cbc:Description>La Factura numero 0001-00000041, ha sido aceptada</cbc:Description></cac:Response><cac:DocumentReference><cbc:ID>0001-00000041</cbc:ID></cac:DocumentReference><cac:RecipientParty><cac:PartyIdentification><cbc:ID>6-10096147711</cbc:ID></cac:PartyIdentification></cac:RecipientParty></cac:DocumentResponse></ar:ApplicationResponse>